Workbook

Sheet Platform Summary
A2: Supported Platform Data Inventory
A3: Current-state collection status across Citrix, AWS WorkSpaces, Island, IGEL, and Chrome
A5: Platforms | B5: =COUNTA(Inventory!A6:A10) -> 5
A6: Complete | B6: =COUNTIF(Inventory!D6:D10,"Complete") -> 0
A7: In Progress | B7: =COUNTIF(Inventory!D6:D10,"In Progress") -> 0
A8: Not Started / Blocked | B8: =COUNTIF(Inventory!D6:D10,"Not Started")+COUNTIF(Inventory!D6:D10,"Blocked") -> 5
A10: Platform | B10: Owner / Contact | C10: Status | D10: Progress | E10: Data Location | F10: Access | G10: Key Gap | H10: Next Action
A11: Citrix | B11: Peter | C11: =Inventory!D6 -> Not Started | D11: =IFERROR((15-COUNTBLANK(Inventory!G6:Q6)-COUNTBLANK(Inventory!U6:X6))/15,0) -> 0 | E11: =IF(Inventory!K6="","",Inventory!K6) | F11: =IF(Inventory!M6="","",Inventory!M6) | G11: =IF(Inventory!R6="","",Inventory!R6) | H11: =IF(Inventory!S6="","",Inventory!S6)
A12: AWS WorkSpaces | B12: Shea | C12: =Inventory!D7 -> Not Started | D12: =IFERROR((15-COUNTBLANK(Inventory!G7:Q7)-COUNTBLANK(Inventory!U7:X7))/15,0) -> 0 | E12: =IF(Inventory!K7="","",Inventory!K7) | F12: =IF(Inventory!M7="","",Inventory!M7) | G12: =IF(Inventory!R7="","",Inventory!R7) | H12: =IF(Inventory!S7="","",Inventory!S7)
A13: Island | B13: Will (Chad's team) | C13: =Inventory!D8 -> Not Started | D13: =IFERROR((15-COUNTBLANK(Inventory!G8:Q8)-COUNTBLANK(Inventory!U8:X8))/15,0) -> 0 | E13: =IF(Inventory!K8="","",Inventory!K8) | F13: =IF(Inventory!M8="","",Inventory!M8) | G13: =IF(Inventory!R8="","",Inventory!R8) | H13: =IF(Inventory!S8="","",Inventory!S8)
A14: IGEL | B14: Mark | C14: =Inventory!D9 -> Not Started | D14: =IFERROR((15-COUNTBLANK(Inventory!G9:Q9)-COUNTBLANK(Inventory!U9:X9))/15,0) -> 0 | E14: =IF(Inventory!K9="","",Inventory!K9) | F14: =IF(Inventory!M9="","",Inventory!M9) | G14: =IF(Inventory!R9="","",Inventory!R9) | H14: =IF(Inventory!S9="","",Inventory!S9)
A15: Chrome | C15: =Inventory!D10 -> Not Started | D15: =IFERROR((15-COUNTBLANK(Inventory!G10:Q10)-COUNTBLANK(Inventory!U10:X10))/15,0) -> 0 | E15: =IF(Inventory!K10="","",Inventory!K10) | F15: =IF(Inventory!M10="","",Inventory!M10) | G15: =IF(Inventory!R10="","",Inventory!R10) | H15: =IF(Inventory!S10="","",Inventory!S10)
A17: Use the Inventory tab to update source details, access requirements, collection cadence, data gaps, and next actions.

Sheet Inventory
A2: Supported Platform Data Inventory – Collection Detail
A3: Enter one current-state record per platform. Add rows when a platform has multiple data sources or accountable teams.
A5: Platform | B5: Primary Owner / Contact | C5: Supporting Team | D5: Collection Status | E5: Priority | F5: Last Updated | G5: Current-State Metrics | H5: Metric Definitions / Units | I5: Current Data Source / System | J5: Source Link / Query | K5: Snowflake Database / Schema / Table | L5: Retention Period / Policy | M5: Entitlement / Role Needed | N5: Who Needs Access? | O5: Login / Authentication Issues | P5: Dashboard / Report | Q5: Data Type (IAM / CSOC / Other) | R5: Data Gaps / Quality Issues | S5: Next Action | T5: Target Date | U5: Ingestion Method / Quick Path | V5: Data Filters | W5: Capture Cadence | X5: Transformation Needed
A6: Citrix | B6: Peter | D6: Not Started | E6: Medium
A7: AWS WorkSpaces | B7: Shea | D7: Not Started | E7: Medium
A8: Island | B8: Will | C8: Chad's team | D8: Not Started | E8: Medium
A9: IGEL | B9: Mark | D9: Not Started | E9: Medium
A10: Chrome | D10: Not Started | E10: Medium
